street1,street2
10th Avenue,Clinton Avenue
10th Avenue,Market Street
10th Avenue,Paulding Street
14th Avenue,Paulding Street
14th Avenue,South Street
1st Place,Clinton Street
1st Place,Court Street
1st Place,Henry Street
1st Place,Smith Street
1st Place,Summit Street
1st Street,Bond Street
1st Street,Hoyt Street
2nd Place,Clinton Street
2nd Place,Court Street
2nd Place,Henry Street
2nd Place,Smith Street
2nd Street,Bond Street
2nd Street,Chauncey Avenue
2nd Street,Dock Avenue
2nd Street,East Way
2nd Street,Front Avenue
2nd Street,Hoyt Street
2nd Street,Morris Avenue
2nd Street,Smith Street
3rd Avenue,Atlantic Avenue
3rd Avenue,Baltic Street
3rd Avenue,Bergen Street
3rd Avenue,Butler Street
3rd Avenue,Dean Street
3rd Avenue,Degraw Street
3rd Avenue,Douglass Street
3rd Avenue,Flatbush Avenue
3rd Avenue,Lafayette Avenue
3rd Avenue,Pacific Street
3rd Avenue,President Street
3rd Avenue,Sackett Street
3rd Avenue,Schermerhorn Street
3rd Avenue,State Street
3rd Avenue,Union Street
3rd Avenue,Warren Street
3rd Avenue,Wyckoff Street
3rd Place,Clinton Street
3rd Place,Court Street
3rd Place,Henry Street
3rd Street,Chauncey Avenue
3rd Street,Dock Avenue
3rd Street,Hoyt Street
3rd Street,Morris Avenue
3rd Street,Perry Avenue
3rd Street,Sands Street
3rd Street,Smith Street
3rd Street,Warrington Avenue
4th Avenue,Atlantic Avenue
4th Avenue,Baltic Street
4th Avenue,Bergen Street
4th Avenue,Butler Street
4th Avenue,Dean Street
4th Avenue,Degraw Street
4th Avenue,Douglass Street
4th Avenue,Flatbush Avenue
4th Avenue,Pacific Street
4th Avenue,Sackett Street
4th Avenue,Saint Marks Place
4th Avenue,Times Plaza
4th Avenue,Warren Street
4th Place,5th Street
4th Place,Clinton Street
4th Place,Court Street
4th Place,Henry Street
4th Place,Smith Street
4th Street,Dock Avenue
4th Street,Morris Avenue
4th Street,Smith Street
5th Avenue,Baltic Street
5th Avenue,Bergen Street
5th Avenue,Dean Street
5th Avenue,Degraw Street
5th Avenue,Douglass Street
5th Avenue,Flatbush Avenue
5th Avenue,Lincoln Place
5th Avenue,Park Place
5th Avenue,Prospect Place
5th Avenue,Saint Johns Place
5th Avenue,Saint Marks Avenue
5th Avenue,Saint Marks Place
5th Avenue,Sterling Place
5th Avenue,Warren Street
5th Street,Market Street
5th Street,Morris Avenue
5th Street,Ordnance Avenue
5th Street,Perry Avenue
5th Street,Smith Street
6th Avenue,Atlantic Avenue
6th Avenue,Bergen Street
6th Avenue,Dean Street
6th Avenue,Flatbush Avenue
6th Avenue,Pacific Street
6th Avenue,Park Place
6th Avenue,Prospect Place
6th Avenue,Saint Marks Avenue
6th Avenue,South Portland Avenue
6th Avenue,Sterling Place
6th Street,Cumberland Street
6th Street,Farragut Street
6th Street,Flushing Avenue
6th Street,Market Street
6th Street,Morris Avenue
6th Street,Paulding Street
7th Avenue,Farragut Street
7th Avenue,Flatbush Avenue
7th Avenue,Park Place
7th Avenue,Paulding Street
7th Avenue,South Street
8th Avenue,Farragut Street
8th Avenue,Market Street
8th Avenue,Paulding Street
8th Avenue,South Street
9th Avenue,Market Street
9th Avenue,Paulding Street
Academy Park Place,South Elliott Place
Academy Park Place,South Portland Avenue
Adams Street,Boerum Place
Adams Street,Brooklyn Bridge
Adams Street,Front Street
Adams Street,Fulton Mall
Adams Street,John Street
Adams Street,Johnson Street
Adams Street,Joralemon Street
Adams Street,Plymouth Street
Adams Street,Prospect Street
Adams Street,Red Cross Place
Adams Street,Sands Street
Adams Street,Tech Place
Adams Street,Tillary Street
Adams Street,Water Street
Adams Street,York Street
Adelphi Street,DeKalb Avenue
Adelphi Street,Flushing Avenue
Adelphi Street,Fulton Street
Adelphi Street,Greene Avenue
Adelphi Street,Lafayette Avenue
Adelphi Street,Myrtle Avenue
Adelphi Street,Park Avenue
Adelphi Street,Willoughby Avenue
Admiral Perry Plaza,Hudson Avenue
Admiral Perry Plaza,John Street
Aitken Place,Clinton Street
Aitken Place,Livingston Street
Aitken Place,Sidney Place
Albee Square,Fleet Street
Albee Square,Fulton Mall
Albee Square,Gold Street
Albee Square,Willoughby Street
Amity Street,Clinton Street
Amity Street,Court Street
Amity Street,Henry Street
Amity Street,Hicks Street
Anchorage Place,Plymouth Street
Ashland Place,DeKalb Avenue
Ashland Place,Fulton Street
Ashland Place,Hanson Place
Ashland Place,Lafayette Avenue
Ashland Place,Myrtle Avenue
Ashland Place,Navy Street
Ashland Place,Willoughby Street
Assembly Road,Gee Avenue
Assembly Road,Market Street
Assembly Road,Paulding Street
Assembly Road,Railroad Avenue
Assembly Road,Washington Avenue
Atlantic Avenue,Boerum Place
Atlantic Avenue,Bond Street
Atlantic Avenue,Bridge Park Drive
Atlantic Avenue,Carlton Avenue
Atlantic Avenue,Classon Avenue
Atlantic Avenue,Clermont Avenue
Atlantic Avenue,Clinton Avenue
Atlantic Avenue,Clinton Street
Atlantic Avenue,Columbia Street
Atlantic Avenue,Court Street
Atlantic Avenue,Cumberland Street
Atlantic Avenue,Flatbush Avenue
Atlantic Avenue,Fort Greene Place
Atlantic Avenue,Furman Street
Atlantic Avenue,Grand Avenue
Atlantic Avenue,Henry Street
Atlantic Avenue,Hicks Street
Atlantic Avenue,Hoyt Street
Atlantic Avenue,Nevins Street
Atlantic Avenue,Saint James Place
Atlantic Avenue,Smith Street
Atlantic Avenue,South Oxford Street
Atlantic Avenue,South Portland Avenue
Atlantic Avenue,Times Plaza
Atlantic Avenue,Underhill Avenue
Atlantic Avenue,Vanderbilt Avenue
Atlantic Avenue,Washington Avenue
Atlantic Avenue,Waverly Avenue
Atlantic Commons,Cumberland Street
Atlantic Commons,South Oxford Street
Auburn Place,North Portland Avenue
Auburn Place,Saint Edwards Street
Baltic Street,Bond Street
Baltic Street,Clinton Street
Baltic Street,Columbia Street
Baltic Street,Columbia Street Greenway
Baltic Street,Court Street
Baltic Street,Henry Street
Baltic Street,Hicks Street
Baltic Street,Hoyt Street
Baltic Street,Nevins Street
Baltic Street,Park Place
Baltic Street,Quisenbury Drive
Baltic Street,Smith Street
Bedford Avenue,Clymer Street
Bedford Avenue,Division Avenue
Bedford Avenue,Flushing Avenue
Bedford Avenue,Hewes Street
Bedford Avenue,Heyward Street
Bedford Avenue,Keap Street
Bedford Avenue,Lynch Street
Bedford Avenue,Morton Street
Bedford Avenue,Myrtle Avenue
Bedford Avenue,Park Avenue
Bedford Avenue,Penn Street
Bedford Avenue,Rodney Street
Bedford Avenue,Ross Street
Bedford Avenue,Rutledge Street
Bedford Avenue,South 10th Street
Bedford Avenue,South 8th Street
Bedford Avenue,South 9th Street
Bedford Avenue,Taylor Street
Bedford Avenue,Wallabout Street
Bedford Avenue,Williamsburg Street East
Bedford Avenue,Williamsburg Street West
Bedford Avenue,Willoughby Avenue
Bedford Avenue,Wilson Street
Bergen Street,Boerum Place
Bergen Street,Bond Street
Bergen Street,Carlton Avenue
Bergen Street,Classon Avenue
Bergen Street,Court Street
Bergen Street,Flatbush Avenue
Bergen Street,Grand Avenue
Bergen Street,Hoyt Street
Bergen Street,Nevins Street
Bergen Street,Smith Street
Bergen Street,Underhill Avenue
Bergen Street,Vanderbilt Avenue
Bergen Street,Washington Avenue
Berry Street,Division Avenue
Berry Street,South 10th Street
Berry Street,South 11th Street
Berry Street,South 8th Street
Berry Street,South 9th Street
Boerum Place,Dean Street
Boerum Place,Fulton Mall
Boerum Place,Joralemon Street
Boerum Place,Livingston Street
Boerum Place,Pacific Street
Boerum Place,Red Hook Lane
Boerum Place,Schermerhorn Street
Boerum Place,State Street
Bond Street,Butler Street
Bond Street,Carroll Street
Bond Street,DeKalb Avenue
Bond Street,Dean Street
Bond Street,Degraw Street
Bond Street,Douglass Street
Bond Street,Fulton Mall
Bond Street,Livingston Street
Bond Street,Pacific Street
Bond Street,President Street
Bond Street,Sackett Street
Bond Street,Schermerhorn Street
Bond Street,State Street
Bond Street,Union Street
Bond Street,Warren Street
Bond Street,Wyckoff Street
Bowne Street,Hamilton Avenue
Bowne Street,Richards Street
Bowne Street,Van Brunt Street
Bridge Park Drive,Columbia Street Greenway
Bridge Plaza Court,Concord Street
Bridge Plaza Court,Nassau Street
Bridge Street,Concord Street
Bridge Street,Flatbush Avenue Extension
Bridge Street,Front Street
Bridge Street,Fulton Mall
Bridge Street,John Street
Bridge Street,Myrtle Avenue
Bridge Street,Nassau Street
Bridge Street,Plymouth Street
Bridge Street,Prospect Street
Bridge Street,Tech Place
Bridge Street,Tillary Street
Bridge Street,Water Street
Bridge Street,Willoughby Street
Bridge Street,York Street
Broadway,Driggs Avenue
Broadway,Havemeyer Street
Broadway,Marcy Avenue
Broadway,Rodney Street
Broadway,Roebling Street
Broadway,South 8th Street
Broadway,South 9th Street
Broadway,Williamsburg Bridge Plaza
Brooklyn Bridge,Tillary Street
Brooklyn Bridge Bicycle Path,Brooklyn Bridge Promenade
Brooklyn Bridge Park Greenway,Columbia Street Greenway
Brooklyn Bridge Promenade,Tillary Street
Butler Street,Court Street
Butler Street,Hoyt Street
Butler Street,Nevins Street
Butler Street,Quisenbury Drive
Butler Street,Smith Street
Cadman Plaza East,Johnson Street
Cadman Plaza East,Prospect Street
Cadman Plaza East,Red Cross Place
Cadman Plaza East,Tillary Street
Cadman Plaza East,Washington Street
Cadman Plaza West,Clark Street
Cadman Plaza West,Clinton Street
Cadman Plaza West,Court Street
Cadman Plaza West,Johnson Street
Cadman Plaza West,Middagh Street
Cadman Plaza West,Montague Street
Cadman Plaza West,Old Fulton Street
Cadman Plaza West,Pierrepont Street
Cadman Plaza West,Prospect Street
Cadman Plaza West,Tillary Street
Cambridge Place,Fulton Street
Cambridge Place,Gates Avenue
Cambridge Place,Greene Avenue
Carlton Avenue,DeKalb Avenue
Carlton Avenue,Dean Street
Carlton Avenue,Flushing Avenue
Carlton Avenue,Fulton Street
Carlton Avenue,Greene Avenue
Carlton Avenue,Lafayette Avenue
Carlton Avenue,Myrtle Avenue
Carlton Avenue,Pacific Street
Carlton Avenue,Park Avenue
Carlton Avenue,Park Place
Carlton Avenue,Prospect Place
Carlton Avenue,Saint Marks Avenue
Carlton Avenue,Willoughby Avenue
Carroll Street,Clinton Street
Carroll Street,Columbia Street
Carroll Street,Court Street
Carroll Street,Henry Street
Carroll Street,Hicks Street
Carroll Street,Hoyt Street
Carroll Street,Nevins Street
Carroll Street,Smith Street
Carroll Street,Van Brunt Street
Cathedral Place,Flatbush Avenue Extension
Cathedral Place,Jay Street
Chapel Street,Flatbush Avenue Extension
Chapel Street,Jay Street
Cheever Place,Degraw Street
Cheever Place,Kane Street
Clark Street,Columbia Heights
Clark Street,Henry Street
Clark Street,Hicks Street
Clark Street,Monroe Place
Clark Street,Willow Street
Classon Avenue,Clifton Place
Classon Avenue,DeKalb Avenue
Classon Avenue,Dean Street
Classon Avenue,Emerson Place
Classon Avenue,Flushing Avenue
Classon Avenue,Fulton Street
Classon Avenue,Gates Avenue
Classon Avenue,Greene Avenue
Classon Avenue,Kent Avenue
Classon Avenue,Lafayette Avenue
Classon Avenue,Lefferts Place
Classon Avenue,Lexington Avenue
Classon Avenue,Madison Street
Classon Avenue,Monroe Street
Classon Avenue,Myrtle Avenue
Classon Avenue,Pacific Street
Classon Avenue,Park Avenue
Classon Avenue,Putnam Avenue
Classon Avenue,Quincy Street
Classon Avenue,Rutledge Street
Classon Avenue,Wallabout Street
Classon Avenue,Willoughby Avenue
Claver Place,Fulton Street
Claver Place,Jefferson Avenue
Claver Place,Putnam Avenue
Clermont Avenue,DeKalb Avenue
Clermont Avenue,Flushing Avenue
Clermont Avenue,Fulton Street
Clermont Avenue,Greene Avenue
Clermont Avenue,Lafayette Avenue
Clermont Avenue,Myrtle Avenue
Clermont Avenue,Park Avenue
Clermont Avenue,Willoughby Avenue
Clifton Place,Franklin Avenue
Clifton Place,Grand Avenue
Clifton Place,Saint James Place
Clinton Avenue,DeKalb Avenue
Clinton Avenue,Flushing Avenue
Clinton Avenue,Fulton Street
Clinton Avenue,Gates Avenue
Clinton Avenue,Greene Avenue
Clinton Avenue,Lafayette Avenue
Clinton Avenue,Myrtle Avenue
Clinton Avenue,Park Avenue
Clinton Avenue,Paulding Street
Clinton Avenue,Willoughby Avenue
Clinton Street,Congress Street
Clinton Street,Degraw Street
Clinton Street,Joralemon Street
Clinton Street,Kane Street
Clinton Street,Livingston Street
Clinton Street,Luquer Street
Clinton Street,Montague Street
Clinton Street,Pacific Street
Clinton Street,Pierrepont Street
Clinton Street,President Street
Clinton Street,Remsen Street
Clinton Street,Sackett Street
Clinton Street,Schermerhorn Street
Clinton Street,State Street
Clinton Street,Tillary Street
Clinton Street,Union Street
Clinton Street,Verandah Place
Clinton Street,Warren Street
Clymer Street,Division Avenue
Clymer Street,Juliana Place
Clymer Street,Kent Avenue
Clymer Street,Washington Avenue
Clymer Street,Wythe Avenue
Coles Street,Columbia Street
Coles Street,Hamilton Avenue
Coles Street,Henry Street
Coles Street,Seabring Street
College Place,Love Lane
Columbia Heights,Cranberry Street
Columbia Heights,Doughty Street
Columbia Heights,Everit Street
Columbia Heights,Orange Street
Columbia Heights,Pierrepont Street
Columbia Heights,Pineapple Street
Columbia Heights,Vine Street
Columbia Place,Joralemon Street
Columbia Place,State Street
Columbia Street,Commerce Street
Columbia Street,Congress Street
Columbia Street,Degraw Street
Columbia Street,Dwight Street
Columbia Street,Hamilton Avenue
Columbia Street,Huntington Street
Columbia Street,Kane Street
Columbia Street,Luquer Street
Columbia Street,Nelson Street
Columbia Street,President Street
Columbia Street,Sackett Street
Columbia Street,Seabring Street
Columbia Street,Sedgwick Street
Columbia Street,Summit Street
Columbia Street,Union Street
Columbia Street,Verona Street
Columbia Street,Warren Street
Columbia Street,Woodhull Street
Columbia Street Greenway,Congress Street
Columbia Street Greenway,Degraw Street
Columbia Street Greenway,Kane Street
Columbia Street Greenway,Sedgwick Street
Columbia Street Greenway,Warren Street
Commerce Street,Luquer Street
Commerce Street,Richards Street
Concord Street,Duffield Street
Concord Street,Flatbush Avenue Extension
Concord Street,Gold Street
Concord Street,Jay Street
Concord Street,Manhattan Bridge
Concord Street,Manhattan Bridge lower level
Concord Street,Navy Street
Concord Street,Prince Street
Congress Street,Court Street
Congress Street,Henry Street
Congress Street,Hicks Street
Court Street,Dean Street
Court Street,Degraw Street
Court Street,Douglass Street
Court Street,Joralemon Street
Court Street,Kane Street
Court Street,Livingston Street
Court Street,Montague Street
Court Street,Pacific Street
Court Street,President Street
Court Street,Remsen Street
Court Street,Sackett Street
Court Street,Schermerhorn Street
Court Street,State Street
Court Street,Union Street
Court Street,Warren Street
Court Street,Wyckoff Street
Cranberry Street,Henry Street
Cranberry Street,Hicks Street
Cranberry Street,Willow Street
Cumberland Street,DeKalb Avenue
Cumberland Street,Flushing Avenue
Cumberland Street,Fulton Street
Cumberland Street,Greene Avenue
Cumberland Street,Lafayette Avenue
Cumberland Street,Park Avenue
Cumberland Street,Washington Park
DeKalb Avenue,Flatbush Avenue Extension
DeKalb Avenue,Fort Greene Place
DeKalb Avenue,Franklin Avenue
DeKalb Avenue,Grand Avenue
DeKalb Avenue,Hall Street
DeKalb Avenue,Hudson Avenue
DeKalb Avenue,Kent Avenue
DeKalb Avenue,Rockwell Place
DeKalb Avenue,Ryerson Street
DeKalb Avenue,Saint Felix Street
DeKalb Avenue,Saint James Place
DeKalb Avenue,Skillman Street
DeKalb Avenue,South Elliott Place
DeKalb Avenue,South Oxford Street
DeKalb Avenue,South Portland Avenue
DeKalb Avenue,Steuben Street
DeKalb Avenue,Taaffe Place
DeKalb Avenue,Vanderbilt Avenue
DeKalb Avenue,Washington Avenue
DeKalb Avenue,Washington Park
DeKalb Avenue,Waverly Avenue
Dean Street,Flatbush Avenue
Dean Street,Grand Avenue
Dean Street,Hoyt Street
Dean Street,Nevins Street
Dean Street,Smith Street
Dean Street,Underhill Avenue
Dean Street,Vanderbilt Avenue
Dean Street,Washington Avenue
Degraw Street,Henry Street
Degraw Street,Hicks Street
Degraw Street,Hoyt Street
Degraw Street,Lincoln Place
Degraw Street,Nevins Street
Degraw Street,Smith Street
Degraw Street,Strong Place
Degraw Street,Tiffany Place
Degraw Street,Tompkins Place
Degraw Street,Van Brunt Street
Delavan Street,Dwight Street
Delavan Street,Nelson Street
Division Avenue,Driggs Avenue
Division Avenue,Havemeyer Street
Division Avenue,Kent Avenue
Division Avenue,Lee Avenue
Division Avenue,Marcy Avenue
Division Avenue,Rodney Street
Division Avenue,Roebling Street
Division Avenue,Williamsburg Street West
Division Avenue,Wilson Street
Division Avenue,Wythe Avenue
Dock Street,Front Street
Dock Street,Water Street
Doughty Street,Elizabeth Place
Doughty Street,Everit Street
Doughty Street,Furman Street
Doughty Street,Hicks Street
Doughty Street,McKenny Street
Douglass Street,Hoyt Street
Douglass Street,Nevins Street
Douglass Street,Saint Johns Place
Douglass Street,Smith Street
Downing Street,Fulton Street
Downing Street,Gates Avenue
Downing Street,Putnam Avenue
Downing Street,Quincy Street
Driggs Avenue,South 8th Street
Driggs Avenue,South 9th Street
Duffield Street,Fulton Mall
Duffield Street,Myrtle Avenue
Duffield Street,Nassau Street
Duffield Street,Tillary Street
Duffield Street,Willoughby Street
Dwight Street,Nelson Street
Dwight Street,Verona Street
East Way,Front Avenue
East Way,Pier C
East Way,Ship Ways Avenue
East Way,West Way
Elizabeth Place,Old Fulton Street
Elm Place,Fulton Mall
Elm Place,Livingston Street
Emerson Place,Myrtle Avenue
Emerson Place,Park Avenue
Emerson Place,Willoughby Avenue
Evans Street,Harrison Alley
Evans Street,Hudson Avenue
Evans Street,Little Street
Everit Street,Old Fulton Street
Fair Street,Prince Street
Flatbush Avenue,Flatbush Avenue Extension
Flatbush Avenue,Fulton Mall
Flatbush Avenue,Fulton Street
Flatbush Avenue,Lafayette Avenue
Flatbush Avenue,Livingston Street
Flatbush Avenue,Nevins Street
Flatbush Avenue,Pacific Street
Flatbush Avenue,Park Place
Flatbush Avenue,Prospect Place
Flatbush Avenue,Saint Marks Avenue
Flatbush Avenue,Schermerhorn Street
Flatbush Avenue,State Street
Flatbush Avenue,Times Plaza
Flatbush Avenue Extension,Fleet Street
Flatbush Avenue Extension,Fulton Mall
Flatbush Avenue Extension,Fulton Street
Flatbush Avenue Extension,Gold Street
Flatbush Avenue Extension,Johnson Street
Flatbush Avenue Extension,Manhattan Bridge
Flatbush Avenue Extension,Manhattan Bridge lower level
Flatbush Avenue Extension,Myrtle Avenue
Flatbush Avenue Extension,Nevins Street
Flatbush Avenue Extension,Prince Street
Flatbush Avenue Extension,Tech Place
Flatbush Avenue Extension,Tillary Street
Flatbush Avenue Extension,Willoughby Street
Fleet Place,Fleet Street
Fleet Place,Myrtle Avenue
Fleet Place,Willoughby Street
Flushing Avenue,Franklin Avenue
Flushing Avenue,Hall Street
Flushing Avenue,Kent Avenue
Flushing Avenue,Nassau Street
Flushing Avenue,Navy Street
Flushing Avenue,North Elliott Place
Flushing Avenue,North Oxford Street
Flushing Avenue,North Portland Avenue
Flushing Avenue,Ryerson Street
Flushing Avenue,Skillman Street
Flushing Avenue,Spencer Street
Flushing Avenue,Steuben Street
Flushing Avenue,Taaffe Place
Flushing Avenue,Vanderbilt Avenue
Flushing Avenue,Washington Avenue
Flushing Avenue,Waverly Avenue
Flushing Avenue,Williamsburg Street West
Fort Greene Place,Fulton Street
Fort Greene Place,Hanson Place
Fort Greene Place,Lafayette Avenue
Franklin Avenue,Gates Avenue
Franklin Avenue,Greene Avenue
Franklin Avenue,Hancock Street
Franklin Avenue,Jefferson Avenue
Franklin Avenue,Lafayette Avenue
Franklin Avenue,Lexington Avenue
Franklin Avenue,Madison Street
Franklin Avenue,Monroe Street
Franklin Avenue,Myrtle Avenue
Franklin Avenue,Park Avenue
Franklin Avenue,Putnam Avenue
Franklin Avenue,Quincy Street
Franklin Avenue,Wallabout Street
Franklin Avenue,Willoughby Avenue
Franklin Avenue,Wythe Avenue
Front Avenue,Pier C
Front Street,Gold Street
Front Street,Hudson Avenue
Front Street,Jay Street
Front Street,Main Street
Front Street,Old Fulton Street
Front Street,Pearl Street
Front Street,Washington Street
Front Street,York Street
Fulton Mall,Fulton Street
Fulton Mall,Gallatin Place
Fulton Mall,Hanover Place
Fulton Mall,Hoyt Street
Fulton Mall,Jay Street
Fulton Mall,Joralemon Street
Fulton Mall,Lawrence Street
Fulton Mall,Pearl Street
Fulton Mall,Red Hook Lane
Fulton Mall,Smith Street
Fulton Street,Gates Avenue Plaza
Fulton Street,Grand Avenue
Fulton Street,Greene Avenue
Fulton Street,Hanson Place
Fulton Street,Hudson Avenue
Fulton Street,Irving Place
Fulton Street,Lafayette Avenue
Fulton Street,Rockwell Place
Fulton Street,Saint Felix Street
Fulton Street,Saint James Place
Fulton Street,South Elliott Place
Fulton Street,South Oxford Street
Fulton Street,South Portland Avenue
Fulton Street,Vanderbilt Avenue
Fulton Street,Washington Avenue
Fulton Street,Waverly Avenue
Furman Street,Joralemon Street
Furman Street,Montague Street
Furman Street,Old Fulton Street
Gallatin Place,Lawrence Street
Gallatin Place,Livingston Street
Garden Place,Joralemon Street
Garden Place,State Street
Gates Avenue,Gates Avenue Plaza
Gates Avenue,Grand Avenue
Gates Avenue,Irving Place
Gates Avenue,Saint James Place
Gates Avenue,Vanderbilt Avenue
Gates Avenue,Washington Avenue
Gates Avenue,Waverly Avenue
Gates Avenue Plaza,Vanderbilt Avenue
Gee Avenue,Railroad Avenue
Gold Street,Johnson Street
Gold Street,Marshall Street
Gold Street,Myrtle Avenue
Gold Street,Nassau Street
Gold Street,Plymouth Street
Gold Street,Sands Street
Gold Street,Sands Street Bike Path
Gold Street,Tillary Street
Gold Street,Water Street
Gold Street,Willoughby Street
Gold Street,York Street
Grace Court,Hicks Street
Grace Court Alley,Hicks Street
Grand Avenue,Greene Avenue
Grand Avenue,Lafayette Avenue
Grand Avenue,Lefferts Place
Grand Avenue,Lexington Avenue
Grand Avenue,Myrtle Avenue
Grand Avenue,Pacific Street
Grand Avenue,Park Avenue
Grand Avenue,Putnam Avenue
Grand Avenue,Williamsburg Street West
Grand Avenue,Willoughby Avenue
Greene Avenue,Hanson Place
Greene Avenue,Saint James Place
Greene Avenue,Vanderbilt Avenue
Greene Avenue,Washington Avenue
Greene Avenue,Waverly Avenue
Grove Place,Hanover Place
Hall Street,Myrtle Avenue
Hall Street,Park Avenue
Hall Street,Saint James Place
Hall Street,Willoughby Avenue
Hamilton Avenue,Henry Street
Hamilton Avenue,Nelson Street
Hamilton Avenue,Rapelye Street
Hamilton Avenue,Summit Street
Hamilton Avenue,Van Brunt Street
Hamilton Avenue,Woodhull Street
Hanover Place,Livingston Street
Hanson Place,Saint Felix Street
Hanson Place,South Elliott Place
Hanson Place,South Oxford Street
Hanson Place,South Portland Avenue
Havemeyer Street,South 5th Street
Henry Street,Hunts Lane
Henry Street,Joralemon Street
Henry Street,Kane Street
Henry Street,Love Lane
Henry Street,Middagh Street
Henry Street,Montague Street
Henry Street,Old Fulton Street
Henry Street,Orange Street
Henry Street,Pacific Street
Henry Street,Pierrepont Street
Henry Street,Pineapple Street
Henry Street,Poplar Street
Henry Street,President Street
Henry Street,Rapelye Street
Henry Street,Remsen Street
Henry Street,Sackett Street
Henry Street,State Street
Henry Street,Summit Street
Henry Street,Union Street
Henry Street,Verandah Place
Henry Street,Warren Street
Henry Street,Woodhull Street
Hewes Street,Kent Avenue
Hewes Street,Lee Avenue
Hewes Street,Williamsburg Street East
Hewes Street,Williamsburg Street West
Heyward Street,Wallabout Street
Heyward Street,Wythe Avenue
Hicks Street,Joralemon Street
Hicks Street,Kane Street
Hicks Street,Love Lane
Hicks Street,Luquer Street
Hicks Street,McKenny Street
Hicks Street,Middagh Street
Hicks Street,Montague Street
Hicks Street,Nelson Street
Hicks Street,Old Fulton Street
Hicks Street,Orange Street
Hicks Street,Pacific Street
Hicks Street,Pierrepont Street
Hicks Street,Pineapple Street
Hicks Street,Poplar Street
Hicks Street,President Street
Hicks Street,Rapelye Street
Hicks Street,Remsen Street
Hicks Street,Sackett Street
Hicks Street,State Street
Hicks Street,Summit Street
Hicks Street,Union Street
Hicks Street,Vine Street
Hicks Street,Warren Street
Hicks Street,Woodhull Street
High Street,Jay Street
High Street,Pearl Street
Hooper Street,Kent Avenue
Hooper Street,Lee Avenue
Hooper Street,Marcy Avenue
Hooper Street,Williamsburg Street East
Hooper Street,Wythe Avenue
Howard Alley,Main Street
Hoyt Street,Livingston Street
Hoyt Street,Pacific Street
Hoyt Street,President Street
Hoyt Street,Sackett Street
Hoyt Street,Schermerhorn Street
Hoyt Street,State Street
Hoyt Street,Union Street
Hoyt Street,Warren Street
Hoyt Street,Wyckoff Street
Hudson Avenue,John Street
Hudson Avenue,Marshall Street
Hudson Avenue,Navy Street
Hudson Avenue,Plymouth Street
Hudson Avenue,Water Street
Hudson Avenue,York Street
Imlay Street,Summit Street
Irving Place,Putnam Avenue
Jay Street,Jay Street Cycleway
Jay Street,John Street
Jay Street,Myrtle Avenue
Jay Street,Nassau Street
Jay Street,Plymouth Street
Jay Street,Prospect Street
Jay Street,Sands Street
Jay Street,Smith Street
Jay Street,Tech Place
Jay Street,Tillary Street
Jay Street,Water Street
Jay Street,Willoughby Street
Jay Street,York Street
Jay Street Cycleway,Prospect Street
Johnson Street,Prince Street
Johnson Street,Tech Place
Joralemon Street,Sidney Place
Joralemon Street,Willow Place
Juliana Place,Morton Street
K Avenue,Railroad Avenue
Kane Street,Strong Place
Kane Street,Tiffany Place
Kane Street,Tompkins Place
Keap Street,Kent Avenue
Keap Street,Lee Avenue
Keap Street,Marcy Avenue
Keap Street,Williamsburg Street East
Keap Street,Williamsburg Street West
Keap Street,Wythe Avenue
Kent Avenue,Little Nassau Street
Kent Avenue,Morton Street
Kent Avenue,Myrtle Avenue
Kent Avenue,Park Avenue
Kent Avenue,Rodney Street
Kent Avenue,Ross Street
Kent Avenue,Rutledge Street
Kent Avenue,South 10th Street
Kent Avenue,South 11th Street
Kent Avenue,South 9th Street
Kent Avenue,Taylor Street
Kent Avenue,Wallabout Street
Kent Avenue,Washington Avenue
Kent Avenue,Williamsburg Street East
Kent Avenue,Williamsburg Street West
Kent Avenue,Willoughby Avenue
Kent Avenue,Wilson Street
Lafayette Avenue,Rockwell Place
Lafayette Avenue,Saint Felix Street
Lafayette Avenue,Saint James Place
Lafayette Avenue,Schermerhorn Street
Lafayette Avenue,Skillman Street
Lafayette Avenue,South Elliott Place
Lafayette Avenue,South Oxford Street
Lafayette Avenue,South Portland Avenue
Lafayette Avenue,Vanderbilt Avenue
Lafayette Avenue,Washington Avenue
Lafayette Avenue,Waverly Avenue
Lawrence Street,MetroTech Walk
Lawrence Street,Myrtle Avenue
Lawrence Street,Tech Place
Lawrence Street,Willoughby Street
Lee Avenue,Penn Street
Lee Avenue,Rodney Street
Lee Avenue,Roebling Street
Lee Avenue,Ross Street
Lee Avenue,Rutledge Street
Lee Avenue,Taylor Street
Lee Avenue,Williamsburg Street East
Lee Avenue,Williamsburg Street West
Lee Avenue,Wilson Street
Lefferts Place,Saint James Place
Little Nassau Street,Taaffe Place
Little Street,Plymouth Street
Livingston Street,Nevins Street
Livingston Street,Smith Street
Lynch Street,Wallabout Street
Main Street,Plymouth Street
Main Street,Water Street
Manhattan Bridge,Manhattan Bridge lower level
Marcy Avenue,Rodney Street
Marcy Avenue,South 4th Street
Marcy Avenue,South 5th Street
Marcy Avenue,South 9th Street
Marcy Avenue,Williamsburg Street West
Middagh Street,Willow Street
Monroe Place,Pierrepont Street
Montague Street,Montague Terrace
Montague Street,Pierrepont Place
Montague Terrace,Pierrepont Place
Montague Terrace,Remsen Street
Monument Walk,Saint Edwards Street
Morris Avenue,West Street
Myrtle Avenue,Navy Street
Myrtle Avenue,North Portland Avenue
Myrtle Avenue,Prince Street
Myrtle Avenue,Ryerson Street
Myrtle Avenue,Saint Edwards Street
Myrtle Avenue,Skillman Street
Myrtle Avenue,Steuben Street
Myrtle Avenue,Taaffe Place
Myrtle Avenue,Vanderbilt Avenue
Myrtle Avenue,Washington Avenue
Myrtle Avenue,Washington Park
Myrtle Avenue,Waverly Avenue
Nassau Street,Navy Street
Navy Street,Park Avenue
Navy Street,Sands Street
Navy Street,Tillary Street
Navy Street,York Street
Nevins Street,Pacific Street
Nevins Street,President Street
Nevins Street,Sackett Street
Nevins Street,Schermerhorn Street
Nevins Street,State Street
Nevins Street,Union Street
Nevins Street,Warren Street
Nevins Street,Wyckoff Street
North Elliott Place,Park Avenue
North Oxford Street,Park Avenue
North Portland Avenue,Park Avenue
Old Fulton Street,Prospect Street
Old Fulton Street,Water Street
Orange Street,Willow Street
Pacific Street,Smith Street
Pacific Street,Underhill Avenue
Pacific Street,Vanderbilt Avenue
Pacific Street,Washington Avenue
Park Avenue,Ryerson Street
Park Avenue,Saint Edwards Street
Park Avenue,Skillman Street
Park Avenue,Steuben Street
Park Avenue,Taaffe Place
Park Avenue,Tillary Street
Park Avenue,Vanderbilt Avenue
Park Avenue,Washington Avenue
Park Avenue,Waverly Avenue
Park Avenue,Williamsburg Street West
Paulding Street,Washington Avenue
Paulding Street,Welding Road
Pearl Street,Plymouth Street
Pearl Street,Prospect Street
Pearl Street,Red Hook Lane
Pearl Street,Sands Street
Pearl Street,Willoughby Street
Pearl Street,York Street
Penn Street,Williamsburg Street East
Penn Street,Wythe Avenue
Perry Avenue,Sands Street
Perry Avenue,Warrington Avenue
Pierrepont Place,Pierrepont Street
Pierrepont Street,Willow Street
Pineapple Street,Willow Street
Plymouth Street,Washington Street
Poplar Street,Willow Street
President Street,Smith Street
President Street,Van Brunt Street
Prince Street,Tillary Street
Prospect Place,Vanderbilt Avenue
Prospect Place,Warren Street
Prospect Street,Washington Street
Richards Street,Seabring Street
Rodney Street,South 4th Street
Rodney Street,South 5th Street
Rodney Street,South 9th Street
Rodney Street,Williamsburg Street East
Rodney Street,Wythe Avenue
Roebling Street,South 8th Street
Roebling Street,South 9th Street
Roebling Street,Taylor Street
Roebling Street,Williamsburg Bridge Plaza
Ross Street,Williamsburg Street West
Ross Street,Wythe Avenue
Rutledge Street,Wythe Avenue
Ryerson Street,Willoughby Avenue
Sackett Street,Smith Street
Sackett Street,Van Brunt Street
Saint Edwards Street,Willoughby Street
Saint Marks Avenue,Saint Marks Place
Saint Marks Avenue,Underhill Avenue
Saint Marks Avenue,Vanderbilt Avenue
Saint Marks Avenue,Washington Avenue
Saint Marks Place,Wyckoff Street
Sands Street,Sands Street Bike Path
Schermerhorn Street,Smith Street
Ship Ways Avenue,West Street
Ship Ways Avenue,West Way
Sidney Place,State Street
Skillman Street,Willoughby Avenue
Smith Street,State Street
Smith Street,Union Street
Smith Street,Warren Street
Smith Street,Wyckoff Street
South 10th Street,Wythe Avenue
South 11th Street,Wythe Avenue
South 8th Street,Wythe Avenue
South 9th Street,Wythe Avenue
South Street,Washington Avenue
State Street,Willow Place
Steuben Street,Williamsburg Street West
Steuben Street,Willoughby Avenue
Summit Street,Van Brunt Street
Taaffe Place,Willoughby Avenue
Taylor Street,Wythe Avenue
Taylor Street,Wythe Place
Union Street,Van Brunt Street
Vanderbilt Avenue,Willoughby Avenue
Wallabout Road,Welding Road
Wallabout Street,Wythe Avenue
Washington Avenue,Willoughby Avenue
Washington Avenue,Wilson Street
Washington Park,Willoughby Avenue
Washington Plaza Lane 1,Washington Plaza Lane 2
Washington Plaza Lane 1,Washington Plaza Lane 3
Washington Plaza Lane 1,Washington Plaza Lane 4
Washington Plaza Lane 1,Washington Plaza Lane 5
Washington Plaza Lane 1,Williamsburg Bridge Plaza
Washington Plaza Lane 1,Williamsburg Bridge Plaza Lane 1
Washington Plaza Lane 2,Washington Plaza Lane 3
Washington Plaza Lane 2,Washington Plaza Lane 4
Washington Plaza Lane 2,Washington Plaza Lane 5
Washington Plaza Lane 2,Williamsburg Bridge Plaza
Washington Plaza Lane 3,Washington Plaza Lane 4
Washington Plaza Lane 3,Washington Plaza Lane 5
Washington Plaza Lane 3,Williamsburg Bridge Plaza
Washington Plaza Lane 4,Washington Plaza Lane 5
Washington Plaza Lane 4,Williamsburg Bridge Plaza
Washington Plaza Lane 5,Williamsburg Bridge Plaza
Washington Street,Water Street
Washington Street,York Street
Waverly Avenue,Willoughby Avenue
Williamsburg Bridge Plaza,Williamsburg Bridge Plaza Lane 1
Williamsburg Street East,Wythe Avenue
Williamsburg Street West,Wythe Avenue
Wilson Street,Wythe Avenue
Wilson Street,Wythe Place
